{
  "__inputs": [],
  "__requires": [
    {
      "type": "grafana",
      "id": "grafana",
      "name": "Grafana",
      "version": "8.2.7"
    },
    {
      "type": "datasource",
      "id": "oracle-emcc-datasource",
      "name": "Oracle Enterprise Manager",
      "version": "3.0.0"
    },
    {
      "type": "panel",
      "id": "table",
      "name": "Table",
      "version": ""
    },
    {
      "type": "panel",
      "id": "text",
      "name": "Text",
      "version": ""
    }
  ],
  "annotations": {
    "list": [
      {
        "builtIn": 1,
        "datasource": "-- Grafana --",
        "enable": true,
        "hide": true,
        "iconColor": "rgba(0, 211, 255, 1)",
        "name": "Annotations & Alerts",
        "target": {
          "limit": 100,
          "matchAny": false,
          "tags": [],
          "type": "dashboard"
        },
        "type": "dashboard"
      }
    ]
  },
  "editable": true,
  "fiscalYearStartMonth": 0,
  "gnetId": null,
  "graphTooltip": 0,
  "id": null,
  "iteration": 1639167656639,
  "links": [],
  "liveNow": false,
  "panels": [
    {
      "datasource": null,
      "gridPos": {
        "h": 2,
        "w": 24,
        "x": 0,
        "y": 0
      },
      "id": 14,
      "options": {
        "content": "**Warning** : This is a readonly dashboard, to customize it, make a copy using Save As option and change as needed.",
        "mode": "markdown"
      },
      "pluginVersion": "8.2.7",
      "timeFrom": null,
      "timeShift": null,
      "type": "text"
    },
    {
      "datasource": "$oem_gf_emsite",
      "fieldConfig": {
        "defaults": {
          "color": {
            "mode": "thresholds"
          },
          "custom": {
            "align": "left",
            "displayMode": "auto"
          },
          "decimals": 2,
          "displayName": "",
          "mappings": [],
          "thresholds": {
            "mode": "absolute",
            "steps": [
              {
                "color": "green",
                "value": null
              },
              {
                "color": "red",
                "value": 80
              }
            ]
          },
          "unit": "short"
        },
        "overrides": []
      },
      "gridPos": {
        "h": 5,
        "w": 24,
        "x": 0,
        "y": 2
      },
      "id": 4,
      "options": {
        "showHeader": true
      },
      "pluginVersion": "8.2.7",
      "targets": [
        {
          "lastError": "",
          "loading": {
            "metric": true,
            "metricgroup": true,
            "namedcredential": true,
            "seriestype": true,
            "target": true,
            "targettype": true
          },
          "metric": "",
          "metricgroup": "",
          "metricgroups": [],
          "metrics": [],
          "namedcredential": "",
          "namedcredentials": [],
          "offset": "",
          "rawQuery": "select o.database_name \"Database_Name\",\n                o.characterset \"Database_Character_Set\",\n                o.instance_name \"Instance_Name\",\n                o.national_characterset \"National_DB_Character_Set\",\n                o.global_name \"Global_Name\",\n                o.log_mode \"Archive_Log_Mode\",\n                o.banner \"Version\",\n                o.default_temp_tablespace \"Default_Temporary_Tablespace\"\n          from sysman.mgmt$db_dbninstanceinfo o\n         where o.target_guid = (select target_guid from sysman.mgmt$target where target_name= $oem_gf_target_name )",
          "refId": "A",
          "seriestype": "General Query(Repository)",
          "seriestypes": [
            {
              "$$hashKey": "object:255",
              "key": "Custom(Target)",
              "value": "General Query(Target)"
            },
            {
              "$$hashKey": "object:256",
              "key": "Custom(Repository)",
              "value": "General Query(Repository)"
            }
          ],
          "target": "Custom(Repository)",
          "targetName": "",
          "targets": [],
          "targettype": "",
          "targettypes": [],
          "type": "Table",
          "value": "Average",
          "values": [
            "Average",
            "Minimum",
            "Maximum",
            "Standard Deviation"
          ]
        }
      ],
      "timeFrom": null,
      "timeShift": null,
      "title": "Instance Information",
      "transformations": [],
      "type": "table"
    },
    {
      "datasource": "$oem_gf_emsite",
      "fieldConfig": {
        "defaults": {
          "color": {
            "mode": "thresholds"
          },
          "custom": {
            "align": "left",
            "displayMode": "auto"
          },
          "decimals": 2,
          "displayName": "",
          "mappings": [],
          "thresholds": {
            "mode": "absolute",
            "steps": [
              {
                "color": "green",
                "value": null
              },
              {
                "color": "red",
                "value": 80
              }
            ]
          },
          "unit": "short"
        },
        "overrides": []
      },
      "gridPos": {
        "h": 6,
        "w": 8,
        "x": 0,
        "y": 7
      },
      "id": 6,
      "options": {
        "showHeader": true
      },
      "pluginVersion": "8.2.7",
      "targets": [
        {
          "lastError": "",
          "loading": {
            "metric": true,
            "metricgroup": true,
            "namedcredential": true,
            "seriestype": true,
            "target": true,
            "targettype": true
          },
          "metric": "",
          "metricgroup": "",
          "metricgroups": [],
          "metrics": [],
          "namedcredential": "",
          "namedcredentials": [],
          "offset": "",
          "rawQuery": "select o.name as \"Option_Name\", o.selected as \"Configured\"\n                 from sysman.mgmt$db_options o\n                where o.target_guid = (select target_guid from  sysman.mgmt$target where target_name= $oem_gf_target_name )\n                  order by name",
          "refId": "A",
          "seriestype": "General Query(Repository)",
          "seriestypes": [
            {
              "$$hashKey": "object:271",
              "key": "Custom(Target)",
              "value": "General Query(Target)"
            },
            {
              "$$hashKey": "object:272",
              "key": "Custom(Repository)",
              "value": "General Query(Repository)"
            }
          ],
          "target": "Custom(Repository)",
          "targetName": "",
          "targets": [],
          "targettype": "",
          "targettypes": [],
          "type": "Non-Timeseries",
          "value": "Average",
          "values": [
            "Average",
            "Minimum",
            "Maximum",
            "Standard Deviation"
          ]
        }
      ],
      "timeFrom": null,
      "timeShift": null,
      "title": "Status of Database Options",
      "transformations": [],
      "type": "table"
    },
    {
      "datasource": "$oem_gf_emsite",
      "fieldConfig": {
        "defaults": {
          "color": {
            "mode": "thresholds"
          },
          "custom": {
            "align": null,
            "displayMode": "auto"
          },
          "decimals": 2,
          "displayName": "",
          "mappings": [],
          "thresholds": {
            "mode": "absolute",
            "steps": [
              {
                "color": "green",
                "value": null
              },
              {
                "color": "red",
                "value": 80
              }
            ]
          },
          "unit": "short"
        },
        "overrides": []
      },
      "gridPos": {
        "h": 6,
        "w": 8,
        "x": 8,
        "y": 7
      },
      "id": 7,
      "options": {
        "showHeader": true
      },
      "pluginVersion": "8.2.7",
      "targets": [
        {
          "lastError": "",
          "loading": {
            "metric": true,
            "metricgroup": true,
            "namedcredential": true,
            "seriestype": true,
            "target": true,
            "targettype": true
          },
          "metric": "",
          "metricgroup": "",
          "metricgroups": [],
          "metrics": [],
          "namedcredential": "",
          "namedcredentials": [],
          "offset": "",
          "rawQuery": "select o.name as \"Parameter\",\n                      o.value as \"Value\"\n                 from sysman.mgmt$db_init_params o\n                where o.target_guid = (select target_guid from sysman.mgmt$target where target_name= $oem_gf_target_name )\n                  and o.isdefault = 'FALSE'\n                  order by name asc",
          "refId": "A",
          "seriestype": "General Query(Repository)",
          "seriestypes": [
            {
              "$$hashKey": "object:300",
              "key": "Custom(Target)",
              "value": "General Query(Target)"
            },
            {
              "$$hashKey": "object:301",
              "key": "Custom(Repository)",
              "value": "General Query(Repository)"
            }
          ],
          "target": "Custom(Repository)",
          "targetName": "",
          "targets": [],
          "targettype": "",
          "targettypes": [],
          "type": "Table",
          "value": "Average",
          "values": [
            "Average",
            "Minimum",
            "Maximum",
            "Standard Deviation"
          ]
        }
      ],
      "timeFrom": null,
      "timeShift": null,
      "title": "Non-Default Initialization Parameters",
      "transformations": [],
      "type": "table"
    },
    {
      "datasource": "$oem_gf_emsite",
      "fieldConfig": {
        "defaults": {
          "color": {
            "mode": "thresholds"
          },
          "custom": {
            "align": "left",
            "displayMode": "auto"
          },
          "decimals": 2,
          "displayName": "",
          "mappings": [],
          "thresholds": {
            "mode": "absolute",
            "steps": [
              {
                "color": "green",
                "value": null
              },
              {
                "color": "red",
                "value": 80
              }
            ]
          },
          "unit": "short"
        },
        "overrides": [
          {
            "matcher": {
              "id": "byName",
              "options": "CREATION_DATE_COL"
            },
            "properties": [
              {
                "id": "displayName",
                "value": "Creation_Date"
              },
              {
                "id": "unit",
                "value": "time: YYYY-MM-DD HH:mm:ss"
              }
            ]
          },
          {
            "matcher": {
              "id": "byName",
              "options": "MOD_DATE"
            },
            "properties": [
              {
                "id": "displayName",
                "value": "Last_Modification_Date"
              },
              {
                "id": "unit",
                "value": "time: YYYY-MM-DD HH:mm:ss"
              }
            ]
          }
        ]
      },
      "gridPos": {
        "h": 6,
        "w": 8,
        "x": 16,
        "y": 7
      },
      "id": 8,
      "options": {
        "showHeader": true
      },
      "pluginVersion": "8.2.7",
      "targets": [
        {
          "lastError": "",
          "loading": {
            "metric": true,
            "metricgroup": true,
            "namedcredential": true,
            "seriestype": true,
            "target": true,
            "targettype": true
          },
          "metric": "",
          "metricgroup": "",
          "metricgroups": [],
          "metrics": [],
          "namedcredential": "",
          "namedcredentials": [],
          "offset": "",
          "rawQuery": "select o.file_name as \"File_Name\",\n                      o.status as \"Status\",\n                      o.creation_date as CREATION_DATE_COL,\n                      o.mod_date as MOD_DATE,\n                      o.os_storage_entity as \"OS_Storage\"\n                 from sysman.mgmt$db_controlfiles o\n                where o.target_guid = (select target_guid from sysman.mgmt$target where target_name=$oem_gf_target_name )\n                  order by file_name asc",
          "refId": "A",
          "seriestype": "General Query(Repository)",
          "seriestypes": [
            {
              "$$hashKey": "object:329",
              "key": "Custom(Target)",
              "value": "General Query(Target)"
            },
            {
              "$$hashKey": "object:330",
              "key": "Custom(Repository)",
              "value": "General Query(Repository)"
            }
          ],
          "target": "Custom(Repository)",
          "targetName": "",
          "targets": [],
          "targettype": "",
          "targettypes": [],
          "type": "Table",
          "value": "Average",
          "values": [
            "Average",
            "Minimum",
            "Maximum",
            "Standard Deviation"
          ]
        }
      ],
      "timeFrom": null,
      "timeShift": null,
      "title": "Controlfile Configuration",
      "transformations": [],
      "type": "table"
    },
    {
      "datasource": "$oem_gf_emsite",
      "fieldConfig": {
        "defaults": {
          "color": {
            "mode": "thresholds"
          },
          "custom": {
            "align": "left",
            "displayMode": "auto"
          },
          "mappings": [],
          "thresholds": {
            "mode": "absolute",
            "steps": [
              {
                "color": "green",
                "value": null
              },
              {
                "color": "red",
                "value": 80
              }
            ]
          }
        },
        "overrides": [
          {
            "matcher": {
              "id": "byName",
              "options": "Initial_Extent"
            },
            "properties": [
              {
                "id": "unit",
                "value": "decbytes"
              },
              {
                "id": "decimals",
                "value": 2
              }
            ]
          },
          {
            "matcher": {
              "id": "byName",
              "options": "Next_Extent"
            },
            "properties": [
              {
                "id": "unit",
                "value": "decbytes"
              },
              {
                "id": "decimals",
                "value": 2
              }
            ]
          },
          {
            "matcher": {
              "id": "byName",
              "options": "PERCENTAGE_INCREASE"
            },
            "properties": [
              {
                "id": "unit",
                "value": "percent"
              },
              {
                "id": "decimals",
                "value": 2
              },
              {
                "id": "displayName",
                "value": "Percentage_Increase"
              }
            ]
          }
        ]
      },
      "gridPos": {
        "h": 5,
        "w": 24,
        "x": 0,
        "y": 13
      },
      "id": 9,
      "options": {
        "showHeader": true
      },
      "pluginVersion": "8.2.7",
      "targets": [
        {
          "lastError": "",
          "loading": {
            "metric": true,
            "metricgroup": true,
            "namedcredential": true,
            "seriestype": true,
            "target": true,
            "targettype": true
          },
          "metric": "",
          "metricgroup": "",
          "metricgroups": [],
          "metrics": [],
          "namedcredential": "",
          "namedcredentials": [],
          "offset": "",
          "rawQuery": "select o.tablespace_name as \"Tablespace_Name\",\n                      o.status as Status,\n                      o.contents as \"Contents\",\n                      o.extent_management as \"Extent_Management\",\n                      o.allocation_type as \"Allocation_Type\",\n                      o.segment_space_management as \"Segment_Space_Management\",\n                      o.logging as \"Logging\",                \n                     (NVL(o.initial_ext_size,0)) as \"Initial_Extent\",\n                      (NVL(o.next_extent,0)) as \"Next_Extent\",\n                      (NVL(o.increment_by,0)) as PERCENTAGE_INCREASE,\n                      DECODE(o.max_extents,null,'UNLIMITED',TO_CHAR(max_extents)) as MAX_EXTENT,\n                      o.min_extents as MIN_EXTENT,\n                     (NVL(o.min_extlen,0)) as MIN_EXTEND_LENGTH,\n                      o.block_size as BLOCK_SIZE,\n                      TO_CHAR(NVL(o.bigfile,'NA')) as BIGFILE\n                 from sysman.mgmt$db_tablespaces o\n                where o.target_guid = (select target_guid from sysman.mgmt$target where target_name= $oem_gf_target_name )\n                  order by tablespace_name asc",
          "refId": "A",
          "seriestype": "General Query(Repository)",
          "seriestypes": [
            {
              "$$hashKey": "object:367",
              "key": "Custom(Target)",
              "value": "General Query(Target)"
            },
            {
              "$$hashKey": "object:368",
              "key": "Custom(Repository)",
              "value": "General Query(Repository)"
            }
          ],
          "target": "Custom(Repository)",
          "targetName": "",
          "targets": [],
          "targettype": "",
          "targettypes": [],
          "type": "Table",
          "value": "Average",
          "values": [
            "Average",
            "Minimum",
            "Maximum",
            "Standard Deviation"
          ]
        }
      ],
      "timeFrom": null,
      "timeShift": null,
      "title": "Tablespace Configuration",
      "transformations": [],
      "type": "table"
    },
    {
      "datasource": "$oem_gf_emsite",
      "fieldConfig": {
        "defaults": {
          "color": {
            "mode": "thresholds"
          },
          "custom": {
            "align": "left",
            "displayMode": "auto"
          },
          "mappings": [],
          "thresholds": {
            "mode": "absolute",
            "steps": [
              {
                "color": "green",
                "value": null
              },
              {
                "color": "red",
                "value": 80
              }
            ]
          }
        },
        "overrides": [
          {
            "matcher": {
              "id": "byName",
              "options": "SIZE_M_COL"
            },
            "properties": [
              {
                "id": "displayName",
                "value": "Size"
              },
              {
                "id": "unit",
                "value": "decbits"
              }
            ]
          },
          {
            "matcher": {
              "id": "byName",
              "options": "MAX_FILE_SIZE_M_COL"
            },
            "properties": [
              {
                "id": "displayName",
                "value": "Max_File_Size"
              },
              {
                "id": "unit",
                "value": "decbytes"
              },
              {
                "id": "decimals",
                "value": 2
              }
            ]
          },
          {
            "matcher": {
              "id": "byName",
              "options": "INCREMENT_BLOCKS_COL"
            },
            "properties": [
              {
                "id": "unit",
                "value": "short"
              },
              {
                "id": "custom.align",
                "value": null
              }
            ]
          }
        ]
      },
      "gridPos": {
        "h": 5,
        "w": 24,
        "x": 0,
        "y": 18
      },
      "id": 10,
      "options": {
        "showHeader": true
      },
      "pluginVersion": "8.2.7",
      "targets": [
        {
          "lastError": "",
          "loading": {
            "metric": true,
            "metricgroup": true,
            "namedcredential": true,
            "seriestype": true,
            "target": true,
            "targettype": true
          },
          "metric": "",
          "metricgroup": "",
          "metricgroups": [],
          "metrics": [],
          "namedcredential": "",
          "namedcredentials": [],
          "offset": "",
          "rawQuery": "select o.file_name as \"File_Name\",\n                      o.tablespace_name as \"Tablespace_Name\",\n                      o.status as \"Status\",\n                      o.autoextensible as \"Autoextensible\",\n                      (NVL(o.file_size,0)) as SIZE_M_COL,\n                     o.max_file_size as MAX_FILE_SIZE_M_COL,\nTO_CHAR(o.increment_by,'999999990D000') as \"Increment\",\n                      o.os_storage_entity as \"OS_Storage\"\n                 from sysman.mgmt$db_datafiles o\n                where o.target_guid = (select target_guid from sysman.mgmt$target where target_name=$oem_gf_target_name)\n                  order by tablespace_name asc",
          "refId": "A",
          "seriestype": "General Query(Repository)",
          "seriestypes": [
            {
              "$$hashKey": "object:420",
              "key": "Custom(Target)",
              "value": "General Query(Target)"
            },
            {
              "$$hashKey": "object:421",
              "key": "Custom(Repository)",
              "value": "General Query(Repository)"
            }
          ],
          "target": "Custom(Repository)",
          "targetName": "",
          "targets": [],
          "targettype": "",
          "targettypes": [],
          "type": "Table",
          "value": "Average",
          "values": [
            "Average",
            "Minimum",
            "Maximum",
            "Standard Deviation"
          ]
        }
      ],
      "timeFrom": null,
      "timeShift": null,
      "title": "Datafile Configuration",
      "transformations": [],
      "type": "table"
    },
    {
      "datasource": "$oem_gf_emsite",
      "fieldConfig": {
        "defaults": {
          "color": {
            "mode": "thresholds"
          },
          "custom": {
            "align": "left",
            "displayMode": "auto"
          },
          "displayName": "",
          "mappings": [],
          "thresholds": {
            "mode": "absolute",
            "steps": [
              {
                "color": "green",
                "value": null
              },
              {
                "color": "red",
                "value": 80
              }
            ]
          },
          "unit": "short"
        },
        "overrides": [
          {
            "matcher": {
              "id": "byName",
              "options": "Log_Size"
            },
            "properties": [
              {
                "id": "unit",
                "value": "decbytes"
              }
            ]
          },
          {
            "matcher": {
              "id": "byName",
              "options": "Group_Num"
            },
            "properties": [
              {
                "id": "custom.width",
                "value": 123
              }
            ]
          },
          {
            "matcher": {
              "id": "byName",
              "options": "Members"
            },
            "properties": [
              {
                "id": "custom.width",
                "value": 108
              }
            ]
          },
          {
            "matcher": {
              "id": "byName",
              "options": "Thread_Num"
            },
            "properties": [
              {
                "id": "custom.width",
                "value": 122
              }
            ]
          }
        ]
      },
      "gridPos": {
        "h": 5,
        "w": 14,
        "x": 0,
        "y": 23
      },
      "id": 11,
      "options": {
        "showHeader": true,
        "sortBy": []
      },
      "pluginVersion": "8.2.7",
      "targets": [
        {
          "lastError": "",
          "loading": {
            "metric": true,
            "metricgroup": true,
            "namedcredential": true,
            "seriestype": true,
            "target": true,
            "targettype": true
          },
          "metric": "",
          "metricgroup": "",
          "metricgroups": [],
          "metrics": [],
          "namedcredential": "",
          "namedcredentials": [],
          "offset": "",
          "rawQuery": "select o.group_num as \"Group_Num\",\n                      o.status as \"Status\",\n                      o.members as \"Members\",\n                      o.file_name as \"File_Name\",\n                      TO_CHAR((logsize/1024), '99G999G990') as \"Log_Size\",\n                      o.thread_num as \"Thread_Num\",\n                      o.os_storage_entity as \"OS_Storage\"\n                 from sysman.mgmt$db_redologs o\n                where o.target_guid = (select target_guid from sysman.mgmt$target where target_name=$oem_gf_target_name )\n                  order by group_num asc",
          "refId": "A",
          "seriestype": "General Query(Repository)",
          "seriestypes": [
            {
              "$$hashKey": "object:467",
              "key": "Custom(Target)",
              "value": "General Query(Target)"
            },
            {
              "$$hashKey": "object:468",
              "key": "Custom(Repository)",
              "value": "General Query(Repository)"
            }
          ],
          "target": "Custom(Repository)",
          "targetName": "",
          "targets": [],
          "targettype": "",
          "targettypes": [],
          "type": "Table",
          "value": "Average",
          "values": [
            "Average",
            "Minimum",
            "Maximum",
            "Standard Deviation"
          ]
        }
      ],
      "timeFrom": null,
      "timeShift": null,
      "title": "Redolog Configuration",
      "transformations": [],
      "type": "table"
    },
    {
      "datasource": "$oem_gf_emsite",
      "fieldConfig": {
        "defaults": {
          "color": {
            "mode": "thresholds"
          },
          "custom": {
            "align": "left",
            "displayMode": "auto"
          },
          "mappings": [],
          "thresholds": {
            "mode": "absolute",
            "steps": [
              {
                "color": "green",
                "value": null
              },
              {
                "color": "red",
                "value": 80
              }
            ]
          },
          "unit": "short"
        },
        "overrides": [
          {
            "matcher": {
              "id": "byName",
              "options": "SECONDARY_EXTENT_SIZE"
            },
            "properties": [
              {
                "id": "displayName",
                "value": "Next_Size"
              },
              {
                "id": "unit",
                "value": "short"
              }
            ]
          },
          {
            "matcher": {
              "id": "byName",
              "options": "High_Water_Mark_Size"
            },
            "properties": [
              {
                "id": "unit",
                "value": "short"
              }
            ]
          },
          {
            "matcher": {
              "id": "byName",
              "options": "MAXIMUM_EXTENT"
            },
            "properties": [
              {
                "id": "displayName",
                "value": "Maximum_Extent"
              },
              {
                "id": "unit",
                "value": "short"
              }
            ]
          },
          {
            "matcher": {
              "id": "byName",
              "options": "MINIMUM_EXTENT"
            },
            "properties": [
              {
                "id": "displayName",
                "value": "Minimum_Extent"
              },
              {
                "id": "unit",
                "value": "short"
              }
            ]
          },
          {
            "matcher": {
              "id": "byName",
              "options": "Pct Increase"
            },
            "properties": [
              {
                "id": "unit",
                "value": "percent"
              }
            ]
          },
          {
            "matcher": {
              "id": "byName",
              "options": "Optimal_Size"
            },
            "properties": [
              {
                "id": "unit",
                "value": "short"
              }
            ]
          }
        ]
      },
      "gridPos": {
        "h": 5,
        "w": 10,
        "x": 14,
        "y": 23
      },
      "id": 12,
      "options": {
        "showHeader": true,
        "sortBy": []
      },
      "pluginVersion": "8.2.7",
      "targets": [
        {
          "lastError": "",
          "loading": {
            "metric": true,
            "metricgroup": true,
            "namedcredential": true,
            "seriestype": true,
            "target": true,
            "targettype": true
          },
          "metric": "",
          "metricgroup": "",
          "metricgroups": [],
          "metrics": [],
          "namedcredential": "",
          "namedcredentials": [],
          "offset": "",
          "rawQuery": "select o.rollname as \"Roll_Name\",\n                      o.status as \"Status\",\n                      o.tablespace_name as \"Tablespace_Name\",\n                      o.extents as \"Extents\",\n                      TO_CHAR(NVL(o.rollsize,0),'99G999G990D900') as \"High_Water_Mark_Size\",\n                      TO_CHAR(NVL(o.next_size,0),'99G999G990') as SECONDARY_EXTENT_SIZE,\n                      o.maximum_extents as MAXIMUM_EXTENT,\n                      o.minimum_extents as MINIMUM_EXTENT,\n                      o.pct_increase as \"Pct Increase\",\n                      o.optsize as \"Optimal_Size\",\n                      o.aveactive as \"Average_Active\",\n                      o.wraps as \"Wraps\",\n                      o.shrinks as \"Shrinks\",\n                      o.aveshrink as \"Average_Shrink\" \n                 from sysman.mgmt$db_rollback_segs o\n                where o.target_guid = (select target_guid from sysman.mgmt$target where target_name= $oem_gf_target_name)\n                  order by rollname asc",
          "refId": "A",
          "seriestype": "General Query(Repository)",
          "seriestypes": [
            {
              "$$hashKey": "object:511",
              "key": "Custom(Target)",
              "value": "General Query(Target)"
            },
            {
              "$$hashKey": "object:512",
              "key": "Custom(Repository)",
              "value": "General Query(Repository)"
            }
          ],
          "target": "Custom(Repository)",
          "targetName": "",
          "targets": [],
          "targettype": "",
          "targettypes": [],
          "type": "Table",
          "value": "Average",
          "values": [
            "Average",
            "Minimum",
            "Maximum",
            "Standard Deviation"
          ]
        }
      ],
      "timeFrom": null,
      "timeShift": null,
      "title": "Rollback Segment Configuration",
      "transformations": [],
      "type": "table"
    }
  ],
  "refresh": false,
  "schemaVersion": 32,
  "style": "dark",
  "tags": [
    "oracle-emcc-app",
    "oracle-emcc-datasource"
  ],
  "templating": {
    "list": [
      {
        "current": {
          "selected": false,
          "text": "Oracle Enterprise Manager",
          "value": "Oracle Enterprise Manager"
        },
        "datasource": null,
        "description": null,
        "error": null,
        "hide": 0,
        "includeAll": false,
        "label": "EM",
        "multi": false,
        "name": "oem_gf_emsite",
        "options": [],
        "query": "oracle-emcc-datasource",
        "refresh": 1,
        "regex": "",
        "skipUrlSync": false,
        "type": "datasource"
      },
      {
        "allValue": null,
        "current": {
          "selected": true,
          "text": "oracle_database",
          "value": "oracle_database"
        },
        "description": null,
        "error": null,
        "hide": 0,
        "includeAll": false,
        "label": "Target Type",
        "multi": false,
        "name": "oem_gf_target_type",
        "options": [
          {
            "selected": true,
            "text": "oracle_database",
            "value": "oracle_database"
          }
        ],
        "query": "oracle_database",
        "skipUrlSync": false,
        "type": "custom"
      },
      {
        "allValue": null,
        "current": {},
        "datasource": "$oem_gf_emsite",
        "definition": "{ \"type\":\"target\" ,\"targettype\":\"$oem_gf_target_type\" ,  \"emsite\" : \"$oem_gf_emsite\" }",
        "description": null,
        "error": null,
        "hide": 0,
        "includeAll": false,
        "label": "Target Name",
        "multi": false,
        "name": "oem_gf_target_name",
        "options": [],
        "query": "{ \"type\":\"target\" ,\"targettype\":\"$oem_gf_target_type\" ,  \"emsite\" : \"$oem_gf_emsite\" }",
        "refresh": 1,
        "regex": "",
        "skipUrlSync": false,
        "sort": 0,
        "tagValuesQuery": "",
        "tagsQuery": "",
        "type": "query",
        "useTags": false
      }
    ]
  },
  "time": {
    "from": "now-5d",
    "to": "now"
  },
  "timepicker": {
    "refresh_intervals": [
      "5m",
      "15m",
      "30m",
      "1h",
      "2h",
      "1d"
    ]
  },
  "timezone": "",
  "title": "Sample - Database Configuration Report",
  "version": 1
}
